<?xml version="1.0" encoding="UTF-8"?>
<project-private xmlns="http://www.netbeans.org/ns/project-private/1">
    <editor-bookmarks xmlns="http://www.netbeans.org/ns/editor-bookmarks/2" lastBookmarkId="0"/>
    <open-files xmlns="http://www.netbeans.org/ns/projectui-open-files/2">
        <group>
            <file>file:/C:/wamp64/www/MyPHPproject/setting_script.php</file>
            <file>file:/C:/wamp64/www/MyPHPproject/Login.php</file>
            <file>file:/C:/wamp64/www/MyPHPproject/index.php</file>
            <file>file:/C:/wamp64/www/MyPHPproject/setting.php</file>
            <file>file:/C:/wamp64/www/MyPHPproject/cart.php</file>
            <file>file:/C:/wamp64/www/MyPHPproject/SignUp.php</file>
            <file>file:/C:/wamp64/www/MyPHPproject/cart-add.php</file>
            <file>file:/C:/wamp64/www/MyPHPproject/common.php</file>
            <file>file:/C:/wamp64/www/MyPHPproject/index.css</file>
            <file>file:/C:/wamp64/www/MyPHPproject/signup_script.php</file>
            <file>file:/C:/wamp64/www/MyPHPproject/header.php</file>
            <file>file:/C:/wamp64/www/MyPHPproject/check-if-added.php</file>
            <file>file:/C:/wamp64/www/MyPHPproject/login_submit.php</file>
            <file>file:/C:/wamp64/www/MyPHPproject/Product.php</file>
            <file>file:/C:/wamp64/www/MyPHPproject/AboutUs.php</file>
            <file>file:/C:/wamp64/www/MyPHPproject/ContactUs.php</file>
            <file>file:/C:/wamp64/www/MyPHPproject/success.php</file>
        </group>
    </open-files>
</project-private>
